film adi,degisken 1,degisken 2,degisken 3,degisken 4
ziri cin 3,18 yas ve uzeri,siddet ve korku,olumsuz ornek,
wake up,18 yas ve uzeri,siddet ve korku,olumsuz ornek,
 the last dance,13 yas ve uzeri,siddet ve korku,olumsuz ornek,
the substance,18 yas ve uzeri,siddet ve korku,olumsuz ornek,cinsellik ve ciplaklik
the room next door,16 yas ve uzeri,olumsuz ornek,,
the lord oftherings rohirrim,10 yas ve uzeri,13 yas alti,siddet ve korku,olumsuz ornek
master and margarita,18 yas ve uzeri,siddet ve korku,olumsuz ornek,cinsellik ve ciplaklik
the order,16 yas ve uzeri,olumsuz ornek,siddet ve korku,
the apprentice,18 yas ve uzeri,olumsuz ornek,cinsellik ve ciplaklik,
takintilar,10 yas ve uzeri,olumsuz ornek,,
shahed the witness,10 yas ve uzeri,olumsuz ornek,siddet ve korku,
pendekar awang,16 yas ve uzeri,olumsuz ornek,siddet ve korku,
parthenope,18 yas ve uzeri,olumsuz ornek,cinsellik ve ciplaklik,
out of the nest,6 yas alti,olumsuz ornek,siddet ve korku,
on saniye,16 yas ve uzeri,olumsuz ornek,siddet ve korku,
nezouh,16 yas ve uzeri,olumsuz ornek,siddet ve korku,
megalopolis,18 yas ve uzeri,olumsuz ornek,siddet ve korku,cinsellik ve ciplaklik
leydi di,16 yas ve uzeri,olumsuz ornek,siddet ve korku,
lanetli kitap,16 yas ve uzeri,olumsuz ornek,siddet ve korku,
la cocina,16 yas ve uzeri,olumsuz ornek,siddet ve korku,cinsellik ve ciplaklik
histoire suleyman,6 yas ve uzeri,10 yas alti,siddet ve korku,
killer influence,18 yas ve uzeri,olumsuz ornek,siddet ve korku,cinsellik ve ciplaklik
joker folie a deux,16 yas ve uzeri,olumsuz ornek,siddet ve korku,cinsellik ve ciplaklik
hicbir sey yerinde degil,18 yas ve uzeri,olumsuz ornek,siddet ve korku,
heretic,16 yas ve uzeri,olumsuz ornek,siddet ve korku,
here,10 yas ve uzeri,olumsuz ornek,,
hain,16 yas ve uzeri,olumsuz ornek,siddet ve korku,
galdiator,16 yas ve uzeri,olumsuz ornek,siddet ve korku,
gelin takimi,10 yas ve uzeri,13 yas alti,olumsuz ornek,
evcilik,16 yas ve uzeri,olumsuz ornek,siddet ve korku,cinsellik ve ciplaklik
dunya varmis,16 yas ve uzeri,olumsuz ornek,siddet ve korku,
rebirth island,16 yas ve uzeri,olumsuz ornek,siddet ve korku,cinsellik ve ciplaklik
cilgin dersane 5updated,16 yas ve uzeri,olumsuz ornek,cinsellik ve ciplaklik,
cakallarla dans7,16 yas ve uzeri,olumsuz ornek,siddet ve korku,
count of montecristo,16 yas ve uzeri,olumsuz ornek,siddet ve korku,
canary black,16 yas ve uzeri,olumsuz ornek,siddet ve korku,
barda,18 yas ve uzeri,olumsuz ornek,siddet ve korku,cinsellik ve ciplaklik
bangkok dog,18 yas ve uzeri,olumsuz ornek,siddet ve korku,
baba beni guldursene,6 yas ve uzeri,10 yas alti,siddet ve korku,olumsuz ornek
avci kraven,16 yas ve uzeri,olumsuz ornek,siddet ve korku,
asu,16 yas ve uzeri,olumsuz ornek,siddet ve korku,
armor,16 yas ve uzeri,olumsuz ornek,siddet ve korku,
anora,18 yas ve uzeri,olumsuz ornek,siddet ve korku,cinsellik ve ciplaklik
all we imagine as light,16 yas ve uzeri,olumsuz ornek,cinsellik ve ciplaklik,
39 derecede ask,10 yas ve uzeri,olumsuz ornek,,
0000 kilometre,10 yas ve uzeri,13 yas alti,olumsuz ornek,siddet ve korku
yuzdeyuz kurt,6 yas ve uzeri,olumsuz ornek,siddet ve korku,
yeniden baslamak,16 yas ve uzeri,olumsuz ornek,siddet ve korku,
yurt,18 yas ve uzeri,olumsuz ornek,siddet ve korku,
yasam kocu,10 yas ve uzeri,olumsuz ornek,siddet ve korku,
yakamoz,6 yas ve uzeri,olumsuz ornek,,
veda partisi,16 yas ve uzeri,olumsuz ornek,,
uj bej harfliler,16 yas ve uzeri,olumsuz ornek,,
Tuesday,18 yas ve uzeri,olumsuz ornek,siddet ve korku,
this time next year,10 yas ve uzeri,13 yas alti,olumsuz ornek,
the hunted,18 yas ve uzeri,olumsuz ornek,siddet ve korku,
tezgah,16 yas ve uzeri,olumsuz ornek,siddet ve korku,cinsellik ve ciplaklik
strangers by night,16 yas ve uzeri,olumsuz ornek,cinsellik ve ciplaklik,
strange darling,18 yas ve uzeri,olumsuz ornek,siddet ve korku,cinsellik ve ciplaklik
son bir tatil,10 yas ve uzeri,olumsuz ornek,,
hircin kiz,6 yas ve uzeri,10 yas alti,olumsuz ornek,
sen buyumeye bak,10 yas ve uzeri,olumsuz ornek,siddet ve korku,
sekiz1,16 yas ve uzeri,olumsuz ornek,siddet ve korku,
sayara,18 yas ve uzeri,olumsuz ornek,siddet ve korku,cinsellik ve ciplaklik
reel istanbul organize,10 yas ve uzeri,13 yas alti,olumsuz ornek,siddet ve korku
mahserin uc delisi,10 yas ve uzeri,13 yas alti,olumsuz ornek,siddet ve korku
longlegs,18 yas ve uzeri,olumsuz ornek,siddet ve korku,
kopru,16 yas ve uzeri,olumsuz ornek,siddet ve korku,
koparan kardesler,16 yas ve uzeri,olumsuz ornek,siddet ve korku,
karanliktan kacis,16 yas ve uzeri,olumsuz ornek,siddet ve korku,cinsellik ve ciplaklik
karanligin ofkesi,16 yas ve uzeri,olumsuz ornek,siddet ve korku,
kar masali,10 yas ve uzeri,olumsuz ornek,siddet ve korku,
kampta,16 yas ve uzeri,olumsuz ornek,siddet ve korku,
insaat,10 yas ve uzeri,13 yas alti,olumsuz ornek,siddet ve korku
illegal ask,16 yas ve uzeri,olumsuz ornek,siddet ve korku,
her sey cok guzel olacak,10 yas ve uzeri,13 yas alti,olumsuz ornek,siddet ve korku
her renkte ask,6 yas ve uzeri,10 yas alti,olumsuz ornek,
hellboy,16 yas ve uzeri,olumsuz ornek,siddet ve korku,
gecenin nakarati,10 yas ve uzeri,olumsuz ornek,siddet ve korku,
fena halde fiorella,10 yas ve uzeri,olumsuz ornek,,
dunyada oyle seyler olmuyor,16 yas ve uzeri,olumsuz ornek,siddet ve korku,
domates biber depresyon,10 yas ve uzeri,olumsuz ornek,,
daha iyi bir yarin,16 yas ve uzeri,olumsuz ornek,,
cam kavanoz,10 yas ve uzeri,olumsuz ornek,siddet ve korku,
blink twice,18 yas ve uzeri,olumsuz ornek,siddet ve korku,cinsellik ve ciplaklik
aci kahve,10 yas ve uzeri,olumsuz ornek,,
deadpoll and wolverine,16 yas ve uzeri,olumsuz ornek,siddet ve korku,
maxxxine,18 yas ve uzeri,olumsuz ornek,siddet ve korku,cinsellik ve ciplaklik
a sacrifice,16 yas ve uzeri,olumsuz ornek,siddet ve korku,
horizon,16 yas ve uzeri,olumsuz ornek,siddet ve korku,cinsellik ve ciplaklik